,service_level,max_guest,no_bedroom,no_bed,no_bathroom,rating,no_review,price,type,area,amenities
0,REGULAR,2.0,1.0,1.0,1.0,5.0,13,42.0,Entire villa,Ubud,"Pool,Wifi,Air conditioning,Kitchen"
1,REGULAR,2.0,1.0,1.0,1.0,5.0,9,38.0,Entire villa,Ubud,"Pool,Wifi,Air conditioning,Kitchen"
2,SUPERHOST,2.0,1.0,1.0,1.0,4.93,28,47.0,Private room,Ubud,"Pool,Wifi,Air conditioning,Kitchen"
3,REGULAR,6.0,2.0,2.0,2.0,4.9,52,215.0,Entire villa,Ubud,"Pool,Wifi,Air conditioning,Kitchen"
4,PLUS,4.0,2.0,3.0,2.0,4.77,439,280.0,Treehouse,Ubud,"Pool,Wifi,Air conditioning,Kitchen"
5,SUPERHOST,2.0,1.0,1.0,1.0,4.77,47,49.0,Entire villa,Ubud,"Pool,Wifi,Air conditioning,none"
6,SUPERHOST,2.0,1.0,1.0,1.0,4.86,0,105.0,Entire villa,Payangan,"Pool,Wifi,Air conditioning,none"
7,REGULAR,6.0,2.0,2.0,2.0,4.92,36,354.0,Entire villa,Ubud,"Pool,Wifi,Air conditioning,Kitchen"
8,SUPERHOST,2.0,1.0,1.0,2.0,4.71,445,32.0,Shared room,Ubud,"Pool,Wifi,none,none"
9,SUPERHOST,2.0,1.0,1.0,1.0,4.88,181,80.0,Entire villa,Ubud,"Pool,Wifi,Air conditioning,Kitchen"
10,SUPERHOST,3.0,1.0,2.0,1.0,4.76,49,16.0,Private room,Ubud,"Pool,Wifi,Air conditioning,none"
11,SUPERHOST,6.0,2.0,2.0,2.5,4.78,268,294.0,Entire residential home,Ubud,"Pool,Wifi,Air conditioning,Kitchen"
12,SUPERHOST,2.0,1.0,1.0,1.0,4.68,95,12.0,Entire rental unit,Ubud,"Pool,Wifi,Air conditioning,Kitchen"
13,SUPERHOST,2.0,1.0,1.0,1.0,4.91,99,119.0,Entire villa,Ubud,"Pool,Wifi,Air conditioning,Kitchen"
14,SUPERHOST,2.0,1.0,1.0,1.0,4.88,8,66.0,Entire villa,Gianyar,"Pool,Wifi,Air conditioning,Kitchen"
15,SUPERHOST,2.0,1.0,1.0,1.0,4.88,128,537.0,Entire villa,Gianyar,"Pool,Wifi,Air conditioning,none"
16,SUPERHOST,4.0,2.0,2.0,2.0,4.73,22,107.0,Entire villa,Ubud,"Pool,Wifi,Air conditioning,none"
17,SUPERHOST,2.0,1.0,1.0,2.5,4.88,271,176.0,Entire villa,Gianyar,"Pool,Wifi,Air conditioning,Kitchen"
18,REGULAR,2.0,1.0,1.0,1.0,5.0,5,30.0,Entire villa,Ubud,"Wifi,Air conditioning,Kitchen,none"
19,SUPERHOST,2.0,1.0,1.0,1.5,4.86,0,63.0,Entire villa,Ubud,"Pool,Wifi,Air conditioning,Kitchen"
20,SUPERHOST,4.0,2.0,2.0,2.0,4.79,19,120.0,Entire villa,Ubud,"Pool,Wifi,Air conditioning,Kitchen"
21,SUPERHOST,2.0,1.0,1.0,1.0,4.86,0,105.0,Entire villa,Ubud,"Pool,Wifi,Air conditioning,none"
22,SUPERHOST,4.0,1.0,2.0,1.0,4.62,312,41.0,Private room,Ubud,"Wifi,none,none,none"
23,PLUS,2.0,1.0,1.0,1.0,4.91,66,120.0,Room in boutique hotel,Ubud,"Pool,Wifi,Air conditioning,Kitchen"
24,SUPERHOST,2.0,1.0,1.0,1.0,4.86,0,24.0,Private room,Ubud,"Pool,Wifi,Air conditioning,Kitchen"
25,SUPERHOST,2.0,1.0,1.0,1.5,4.79,29,144.0,Room in boutique hotel,Ubud,"Pool,Wifi,Air conditioning,none"
26,REGULAR,2.0,1.0,1.0,1.0,4.86,0,56.0,Private room,Ubud,"Pool,Wifi,Air conditioning,none"
27,SUPERHOST,2.0,1.0,1.0,1.0,4.86,29,60.0,Tiny house,Ubud,"Pool,Wifi,Kitchen,none"
28,SUPERHOST,2.0,1.0,1.0,1.0,5.0,3,81.0,Private room,Ubud,"Pool,Wifi,Air conditioning,none"
29,SUPERHOST,2.0,1.0,1.0,1.0,5.0,7,89.0,Private room,Ubud,"Pool,Wifi,Air conditioning,Kitchen"
30,SUPERHOST,2.0,1.0,1.0,1.0,5.0,20,24.0,Hotel room,Ubud,"Pool,Wifi,Air conditioning,none"
31,SUPERHOST,2.0,1.0,1.0,1.0,4.86,14,49.0,Entire villa,Ubud,"Pool,Wifi,Air conditioning,none"
32,PLUS,2.0,1.0,1.0,1.0,4.96,117,80.0,Entire villa,Ubud,"Pool,Wifi,Air conditioning,Kitchen"
33,SUPERHOST,2.0,1.0,1.0,1.0,4.85,66,250.0,Private room,Ubud,"Pool,Wifi,Air conditioning,Kitchen"
34,REGULAR,2.0,1.0,1.0,1.0,4.2,10,68.0,Dome house,Ubud,"none,none,none,none"
35,REGULAR,2.0,1.0,1.0,1.0,5.0,3,35.0,Entire cottage,Ubud,"Pool,Wifi,Air conditioning,Kitchen"
36,SUPERHOST,2.0,1.0,1.0,1.0,4.86,0,126.0,Treehouse,Ubud,"Wifi,Air conditioning,Kitchen,none"
37,REGULAR,2.0,1.0,1.0,1.0,4.86,0,42.0,Resort room,Ubud,"Pool,Wifi,Air conditioning,none"
38,REGULAR,6.0,2.0,2.0,2.0,5.0,5,295.0,Entire villa,Ubud,"Pool,Wifi,Air conditioning,Kitchen"
39,REGULAR,3.0,1.0,1.0,1.0,4.87,126,88.0,Private room,Ubud,"Wifi,Air conditioning,Kitchen,none"
40,SUPERHOST,6.0,3.0,3.0,3.0,4.88,67,174.0,Entire villa,Ubud,"Pool,Wifi,Air conditioning,Kitchen"
41,REGULAR,2.0,1.0,1.0,1.0,4.83,18,154.0,Entire villa,Ubud,"Pool,Wifi,Air conditioning,none"
42,SUPERHOST,2.0,1.0,1.0,1.0,4.67,3,207.0,Resort room,Tegalalang,"Pool,Wifi,Air conditioning,none"
43,SUPERHOST,4.0,2.0,2.0,2.0,4.95,138,108.0,Entire residential home,Ubud,"Pool,Wifi,Air conditioning,Kitchen"
44,PLUS,2.0,1.0,1.0,1.0,4.93,113,80.0,Entire bungalow,Ubud,"Pool,Wifi,Air conditioning,Kitchen"
45,SUPERHOST,2.0,1.0,2.0,1.0,4.94,338,41.0,Entire villa,Ubud,"Pool,Wifi,Air conditioning,Kitchen"
46,SUPERHOST,2.0,1.0,1.0,1.0,4.98,63,73.0,Entire villa,Ubud,"Wifi,Air conditioning,Kitchen,none"
47,SUPERHOST,4.0,2.0,2.0,2.0,4.74,31,100.0,Entire villa,Ubud,"Pool,Wifi,Air conditioning,Kitchen"
48,REGULAR,2.0,1.0,1.0,1.0,4.9,31,76.0,Entire villa,Ubud,"Pool,Wifi,Air conditioning,none"
49,SUPERHOST,3.0,1.0,2.0,1.0,4.8,165,24.0,Entire serviced apartment,Ubud,"Pool,Wifi,Air conditioning,Kitchen"
50,REGULAR,2.0,1.0,1.0,1.0,4.86,0,73.0,Entire villa,Ubud,"Pool,Wifi,Air conditioning,Kitchen"
51,SUPERHOST,2.0,1.0,1.0,1.0,4.85,27,49.0,Entire villa,Ubud,"Pool,Wifi,Air conditioning,none"
52,SUPERHOST,2.0,1.0,1.0,1.5,5.0,8,12.0,Private room,Ubud,"Wifi,Air conditioning,none,none"
53,SUPERHOST,6.0,3.0,3.0,3.0,4.86,143,134.0,Entire villa,Ubud,"Pool,Wifi,Air conditioning,Kitchen"
54,SUPERHOST,2.0,1.0,1.0,1.0,4.92,12,68.0,Entire villa,Ubud,"Pool,Wifi,Air conditioning,Kitchen"
55,REGULAR,3.0,2.0,2.0,2.0,4.67,3,48.0,Entire villa,Ubud,"Pool,Wifi,Air conditioning,Kitchen"
56,REGULAR,2.0,1.0,1.0,1.0,4.92,13,39.0,Hut,Ubud,"none,none,none,none"
57,SUPERHOST,2.0,1.0,1.0,1.0,5.0,9,69.0,Private room,Ubud,"Pool,Wifi,Air conditioning,none"
58,SUPERHOST,2.0,1.0,1.0,1.0,4.99,69,84.0,Entire villa,Ubud,"Pool,Wifi,Air conditioning,Kitchen"
59,REGULAR,3.0,1.0,2.0,1.5,4.74,85,45.0,Entire rental unit,Ubud,"Wifi,Air conditioning,Kitchen,none"
60,SUPERHOST,2.0,1.0,1.0,1.5,5.0,10,160.0,Entire villa,Ubud,"Pool,Wifi,Air conditioning,Kitchen"
61,REGULAR,2.0,1.0,1.0,1.0,4.86,0,33.0,Resort room,Ubud,"Pool,Wifi,Air conditioning,none"
62,SUPERHOST,2.0,1.0,1.0,1.0,4.86,0,17.0,Private room,Ubud,"Pool,Wifi,Air conditioning,Kitchen"
63,REGULAR,3.0,2.0,2.0,1.0,4.81,64,129.0,Entire residential home,Ubud,"Wifi,Air conditioning,Kitchen,none"
64,SUPERHOST,2.0,1.0,1.0,1.0,4.92,38,40.0,Private room,Ubud,"Pool,Wifi,Air conditioning,Kitchen"
65,SUPERHOST,2.0,1.0,1.0,1.0,4.86,14,23.0,Hotel room,Ubud,"Pool,Wifi,Air conditioning,none"
66,REGULAR,6.0,3.0,6.0,3.0,4.45,64,55.0,Entire villa,Ubud,"Pool,Wifi,Air conditioning,Kitchen"
67,SUPERHOST,4.0,2.0,2.0,2.0,4.99,140,176.0,Entire villa,Tegalalang,"Pool,Wifi,Air conditioning,none"
68,SUPERHOST,2.0,1.0,1.0,1.0,4.92,13,72.0,Entire villa,Gianyar,"Pool,Wifi,Air conditioning,Kitchen"
69,SUPERHOST,2.0,1.0,1.0,1.0,4.89,98,80.0,Entire villa,Ubud,"Pool,Wifi,Air conditioning,Kitchen"
70,REGULAR,4.0,1.0,1.0,1.0,4.81,178,28.0,Hut,Sukawati,"Wifi,none,none,none"
71,SUPERHOST,2.0,1.0,1.0,1.0,4.9,10,45.0,Hut,Ubud,"Wifi,none,none,none"
72,REGULAR,2.0,1.0,1.0,1.0,4.86,0,24.0,Private room,Ubud,"Pool,Wifi,Air conditioning,Kitchen"
73,SUPERHOST,2.0,1.0,1.0,1.0,4.92,74,119.0,Entire villa,Ubud,"Pool,Wifi,Air conditioning,Kitchen"
74,PLUS,2.0,1.0,2.0,1.0,4.75,105,41.0,Entire rental unit,Tegalalang,"Pool,Wifi,Air conditioning,Kitchen"
75,SUPERHOST,4.0,2.0,2.0,2.5,4.89,337,128.0,Entire villa,Ubud,"Pool,Wifi,Air conditioning,Kitchen"
76,SUPERHOST,2.0,1.0,1.0,1.0,4.67,91,82.0,Entire villa,Ubud,"Pool,Wifi,Air conditioning,Kitchen"
77,SUPERHOST,2.0,1.0,1.0,1.5,5.0,16,12.0,Private room,Ubud,"Wifi,Air conditioning,none,none"
78,REGULAR,2.0,1.0,1.0,1.0,4.86,0,80.0,Room in boutique hotel,Ubud,"Pool,Wifi,Air conditioning,Kitchen"
79,SUPERHOST,2.0,1.0,1.0,1.5,4.59,128,41.0,Entire villa,Gianyar,"Pool,Wifi,Air conditioning,Kitchen"
80,SUPERHOST,2.0,2.0,3.0,1.0,4.88,73,54.0,Hut,Ubud,"Pool,Wifi,Air conditioning,Kitchen"
81,SUPERHOST,3.0,1.0,1.0,1.0,4.67,15,19.0,Private room,Ubud,"Pool,Wifi,Air conditioning,Kitchen"
82,PLUS,2.0,1.0,1.0,1.0,4.7,108,48.0,Private room,Ubud,"Pool,Wifi,Air conditioning,Kitchen"
83,SUPERHOST,2.0,1.0,1.0,1.0,4.86,0,69.0,Private room,Ubud,"Pool,Wifi,Air conditioning,Kitchen"
84,SUPERHOST,2.0,1.0,1.0,1.0,4.86,0,26.0,Hut,Ubud,"Wifi,Air conditioning,none,none"
85,SUPERHOST,2.0,1.0,1.0,1.0,4.7,68,80.0,Entire villa,Ubud,"Pool,Wifi,Air conditioning,Kitchen"
86,PLUS,4.0,2.0,2.0,2.0,4.79,147,102.0,Entire villa,Banjar Kutuh kaja,"Pool,Wifi,Air conditioning,Kitchen"
87,SUPERHOST,4.0,2.0,2.0,2.0,4.91,111,175.0,Entire villa,Tampaksiring,"Pool,Wifi,Air conditioning,Kitchen"
88,REGULAR,2.0,1.0,1.0,1.0,4.86,0,70.0,Room in boutique hotel,Ubud,"Pool,Wifi,Air conditioning,none"
89,REGULAR,2.0,1.0,1.0,1.0,4.86,0,24.0,Resort room,Tegalalang,"Pool,Wifi,Air conditioning,Kitchen"
90,SUPERHOST,2.0,1.0,1.0,1.0,4.88,171,23.0,Entire townhouse,Ubud,"Wifi,Air conditioning,Kitchen,none"
91,REGULAR,2.0,1.0,1.0,1.0,4.86,0,90.0,Entire villa,Ubud,"Pool,Wifi,Air conditioning,Kitchen"
92,REGULAR,2.0,1.0,1.0,1.0,4.86,0,60.0,Room in boutique hotel,Ubud,"Pool,Wifi,Air conditioning,none"
93,SUPERHOST,4.0,2.0,2.0,2.0,5.0,4,64.0,Entire villa,Ubud,"Pool,Wifi,Air conditioning,Kitchen"
94,REGULAR,2.0,1.0,1.0,1.0,4.86,0,36.0,Private room,Ubud,"Pool,Wifi,Air conditioning,none"
95,REGULAR,2.0,1.0,1.0,1.0,5.0,3,39.0,Room in boutique hotel,Ubud,"Pool,Wifi,Air conditioning,none"
96,REGULAR,2.0,1.0,1.0,1.0,4.6,86,33.0,Private room,Ubud,"Pool,Wifi,Air conditioning,Kitchen"
97,SUPERHOST,2.0,1.0,1.0,1.0,4.86,0,161.0,Entire villa,Payangan,"Pool,Wifi,Air conditioning,none"
98,PLUS,2.0,1.0,1.0,1.0,4.93,41,121.0,Entire villa,Ubud,"Pool,Wifi,Air conditioning,Kitchen"
99,SUPERHOST,2.0,1.0,2.0,1.0,4.86,0,72.0,Entire villa,Tegalalang,"Pool,Wifi,Air conditioning,Kitchen"
100,SUPERHOST,16.0,5.0,7.0,5.5,4.72,153,198.0,Treehouse,Ubud,"Pool,Wifi,Air conditioning,Kitchen"
101,REGULAR,2.0,1.0,1.0,1.0,4.86,0,256.0,Entire villa,Ubud,"Pool,Wifi,Air conditioning,none"
102,SUPERHOST,2.0,1.0,1.0,1.0,4.76,59,17.0,Entire place,Ubud,"Pool,Wifi,Kitchen,none"
103,SUPERHOST,2.0,1.0,1.0,1.0,4.86,0,63.0,Entire villa,Ubud,"Pool,Wifi,Air conditioning,Kitchen"
104,REGULAR,2.0,1.0,1.0,1.5,4.86,0,75.0,Entire villa,Ubud,"Pool,Wifi,Air conditioning,Kitchen"
105,SUPERHOST,2.0,1.0,1.0,1.0,4.62,182,23.0,Hotel room,Ubud,"Wifi,Air conditioning,none,none"
106,PLUS,4.0,2.0,2.0,2.0,4.98,44,200.0,Entire villa,Ubud,"Pool,Wifi,Air conditioning,Kitchen"
107,SUPERHOST,3.0,1.0,1.0,1.0,4.24,34,68.0,Entire villa,Ubud,"Pool,Wifi,Air conditioning,Kitchen"
108,PLUS,2.0,1.0,1.0,1.0,4.96,74,193.0,Entire villa,Ubud,"Pool,Wifi,Air conditioning,Kitchen"
109,SUPERHOST,2.0,1.0,1.0,1.5,4.84,45,48.0,Entire rental unit,Ubud,"Wifi,Air conditioning,Kitchen,none"
110,SUPERHOST,3.0,1.0,2.0,1.0,4.67,152,59.0,Entire residential home,Ubud,"Pool,Wifi,Air conditioning,Kitchen"
111,REGULAR,2.0,1.0,1.0,1.0,4.75,4,60.0,Room in boutique hotel,Ubud,"Wifi,Air conditioning,Kitchen,none"
112,REGULAR,5.0,2.0,2.0,2.0,4.86,0,107.0,Entire villa,Ubud,"Pool,Wifi,Air conditioning,Kitchen"
113,SUPERHOST,2.0,1.0,1.0,1.0,4.73,131,34.0,Entire rental unit,Ubud,"Pool,Wifi,Kitchen,none"
114,SUPERHOST,2.0,1.0,1.0,1.0,4.9,29,25.0,Entire villa,Tegalalang,"Wifi,Air conditioning,Kitchen,none"
115,PLUS,2.0,1.0,1.0,1.0,4.75,106,112.0,Entire residential home,Ubud,"Pool,Wifi,Air conditioning,Kitchen"
116,SUPERHOST,2.0,1.0,1.0,1.5,4.86,0,88.0,Room in boutique hotel,Ubud,"Pool,Wifi,Air conditioning,Kitchen"
117,REGULAR,2.0,1.0,1.0,1.0,4.91,23,63.0,Private room,Tegalalang,"Pool,Wifi,Air conditioning,none"
118,REGULAR,2.0,1.0,1.0,1.0,4.86,0,25.0,Resort room,Ubud,"Pool,Wifi,Air conditioning,none"
119,REGULAR,2.0,1.0,1.0,1.5,5.0,7,24.0,Entire villa,Ubud,"Pool,Wifi,Air conditioning,Kitchen"
120,SUPERHOST,2.0,1.0,1.0,1.0,4.96,212,101.0,Private room,Ubud,"Pool,Wifi,Air conditioning,none"
121,REGULAR,4.0,2.0,2.0,1.0,4.65,152,202.0,Entire villa,Ubud,"Pool,Wifi,Air conditioning,Kitchen"
122,SUPERHOST,2.0,1.0,1.0,1.0,4.91,68,14.0,Hotel room,Ubud,"Pool,Wifi,Air conditioning,none"
123,REGULAR,2.0,1.0,1.0,1.0,4.86,0,66.0,Entire villa,Ubud,"Pool,Wifi,Air conditioning,Kitchen"
124,REGULAR,14.0,6.0,9.0,6.0,4.94,31,768.0,Entire villa,Gianyar,"Pool,Wifi,Air conditioning,Kitchen"
125,PLUS,4.0,2.0,2.0,3.0,5.0,25,399.0,Entire villa,Ubud,"Pool,Wifi,Kitchen,none"
126,SUPERHOST,2.0,1.0,1.0,1.0,4.75,36,95.0,Entire villa,Ubud,"Pool,Wifi,Air conditioning,Kitchen"
127,SUPERHOST,4.0,2.0,2.0,2.0,5.0,17,62.0,Entire villa,Ubud,"Pool,Wifi,Air conditioning,Kitchen"
128,SUPERHOST,2.0,1.0,1.0,1.5,4.83,6,13.0,Entire residential home,Ubud,"Wifi,Air conditioning,Kitchen,none"
129,SUPERHOST,4.0,2.0,2.0,2.0,4.84,68,144.0,Entire villa,Ubud,"Pool,Wifi,Air conditioning,Kitchen"
130,REGULAR,2.0,1.0,1.0,1.0,4.86,0,91.0,Entire villa,Tegalalang,"Wifi,Air conditioning,none,none"
131,REGULAR,2.0,1.0,1.0,1.0,4.71,14,24.0,Entire guesthouse,Ubud,"Pool,Wifi,Air conditioning,Kitchen"
132,SUPERHOST,7.0,1.0,1.0,2.0,4.93,67,143.0,Entire villa,Tegalalang,"Pool,Wifi,Air conditioning,Kitchen"
133,SUPERHOST,2.0,1.0,1.0,2.0,4.65,330,20.0,Shared room,Ubud,"Pool,Wifi,none,none"
134,REGULAR,4.0,2.0,2.0,2.0,4.75,196,80.0,Entire villa,Ubud,"Pool,Wifi,Kitchen,none"
135,REGULAR,2.0,1.0,1.0,1.0,4.86,0,28.0,Resort room,Ubud,"Pool,Wifi,Air conditioning,none"
136,SUPERHOST,2.0,1.0,1.0,1.0,4.86,0,14.0,Private room,Ubud,"Wifi,Air conditioning,Kitchen,none"
137,SUPERHOST,2.0,1.0,1.0,1.0,4.75,150,132.0,Entire villa,Ubud,"Pool,Wifi,Air conditioning,none"
138,SUPERHOST,4.0,2.0,2.0,2.0,4.9,124,91.0,Entire villa,Ubud,"Pool,Wifi,Air conditioning,Kitchen"
139,PLUS,7.0,3.0,3.0,3.0,4.84,316,149.0,Entire villa,Ubud,"Pool,Wifi,Air conditioning,Kitchen"
140,SUPERHOST,2.0,1.0,1.0,1.0,5.0,7,36.0,Hut,Ubud,"Wifi,none,none,none"
141,REGULAR,6.0,3.0,3.0,3.5,4.83,131,172.0,Entire villa,Ubud,"Pool,Wifi,Kitchen,none"
142,SUPERHOST,4.0,2.0,2.0,2.5,4.86,0,195.0,Entire villa,Ubud,"Pool,Wifi,Air conditioning,Kitchen"
143,SUPERHOST,2.0,1.0,1.0,2.0,4.85,27,206.0,Entire villa,Ubud,"Pool,Wifi,Air conditioning,Kitchen"
144,SUPERHOST,4.0,2.0,2.0,2.0,4.91,180,127.0,Entire villa,Ubud,"Pool,Wifi,Air conditioning,Kitchen"
145,REGULAR,3.0,1.0,2.0,1.0,4.9,60,273.0,Entire villa,Ubud,"Pool,Wifi,Air conditioning,Kitchen"
146,PLUS,4.0,1.0,1.0,1.0,4.79,213,202.0,Entire villa,Ubud,"Pool,Wifi,Air conditioning,Kitchen"
147,SUPERHOST,2.0,1.0,1.0,1.5,4.93,132,58.0,Entire bungalow,Ubud,"Pool,Wifi,Air conditioning,Kitchen"
148,SUPERHOST,4.0,1.0,2.0,1.0,4.65,582,83.0,Hut,Ubud,"Pool,Wifi,none,none"
149,REGULAR,2.0,1.0,1.0,1.0,4.64,174,50.0,Private room,Ubud,"Wifi,Air conditioning,none,none"
150,SUPERHOST,4.0,1.0,2.0,1.5,4.62,421,60.0,Private room,Ubud,"Pool,Wifi,none,none"
151,SUPERHOST,2.0,1.0,1.0,1.0,5.0,4,72.0,Entire cottage,Gianyar,"Pool,Wifi,Air conditioning,none"
152,REGULAR,2.0,1.0,1.0,1.0,4.86,0,24.0,Private room,Ubud,"Pool,Wifi,Air conditioning,none"
153,REGULAR,4.0,2.0,2.0,2.0,4.69,36,40.0,Entire villa,Ubud,"Pool,Wifi,Air conditioning,Kitchen"
154,SUPERHOST,4.0,2.0,2.0,2.5,4.79,43,224.0,Entire villa,Ubud,"Pool,Wifi,Air conditioning,Kitchen"
155,REGULAR,2.0,1.0,1.0,1.0,4.2,5,68.0,Entire villa,Tegalalang,"Pool,Wifi,Kitchen,none"
156,REGULAR,10.0,4.0,6.0,4.0,4.88,16,531.0,Entire villa,Ubud,"Pool,Wifi,Air conditioning,Kitchen"
157,REGULAR,2.0,1.0,1.0,1.0,5.0,3,24.0,Entire serviced apartment,Tampaksiring,"Pool,Wifi,Air conditioning,Kitchen"
158,SUPERHOST,2.0,1.0,1.0,1.0,5.0,8,155.0,Entire villa,Ubud,"Pool,Wifi,Air conditioning,Kitchen"
159,SUPERHOST,3.0,1.0,2.0,1.0,4.86,0,16.0,Private room,Ubud,"Pool,Wifi,Air conditioning,none"
160,REGULAR,2.0,1.0,1.0,1.0,4.86,0,40.0,Private room,Ubud,"Pool,Wifi,Air conditioning,none"
161,REGULAR,2.0,1.0,1.0,1.0,4.96,25,96.0,Entire villa,Payangan,"Pool,Wifi,Air conditioning,none"
162,REGULAR,2.0,1.0,1.0,1.0,4.86,0,80.0,Room in boutique hotel,Ubud,"Pool,Wifi,Air conditioning,none"
163,SUPERHOST,4.0,2.0,2.0,2.0,4.91,32,43.0,Entire residential home,Ubud,"Pool,Wifi,Air conditioning,Kitchen"
164,SUPERHOST,2.0,1.0,1.0,1.5,4.85,183,204.0,Entire villa,Ubud,"Pool,Wifi,Air conditioning,Kitchen"
165,SUPERHOST,6.0,3.0,3.0,3.0,4.93,14,206.0,Private room,Ubud,"Pool,Wifi,Air conditioning,Kitchen"
166,REGULAR,2.0,1.0,1.0,1.0,5.0,4,34.0,Entire villa,Ubud,"Pool,Wifi,Air conditioning,Kitchen"
167,REGULAR,4.0,2.0,2.0,1.0,4.86,0,32.0,Entire villa,Tegalalang,"Pool,Wifi,Air conditioning,none"
168,REGULAR,2.0,1.0,1.0,1.0,4.19,16,36.0,Private room,Ubud,"Wifi,Air conditioning,none,none"
169,REGULAR,2.0,1.0,1.0,1.0,5.0,3,17.0,Room in boutique hotel,Ubud,"Pool,Wifi,Air conditioning,Kitchen"
170,REGULAR,2.0,1.0,1.0,1.5,4.86,0,16.0,Private room,Tegalalang,"Wifi,Air conditioning,none,none"
171,REGULAR,4.0,2.0,3.0,1.0,4.86,0,38.0,Entire villa,Ubud,"Pool,Wifi,Kitchen,none"
172,SUPERHOST,2.0,1.0,1.0,1.0,4.91,43,80.0,Entire villa,Ubud,"Pool,Wifi,Air conditioning,Kitchen"
173,REGULAR,4.0,2.0,3.0,2.0,4.86,0,118.0,Entire villa,Ubud,"Wifi,Air conditioning,Kitchen,none"
174,REGULAR,4.0,2.0,2.0,2.0,4.86,0,60.0,Entire villa,Ubud,"Pool,Wifi,Air conditioning,Kitchen"
175,SUPERHOST,2.0,1.0,1.0,1.5,5.0,3,480.0,Entire villa,Ubud,"Pool,Wifi,Air conditioning,Kitchen"
176,REGULAR,14.0,6.0,9.0,6.0,4.92,12,768.0,Entire villa,Ubud,"Pool,Wifi,Air conditioning,Kitchen"
177,SUPERHOST,2.0,1.0,1.0,1.5,5.0,9,11.0,Private room,Ubud,"Pool,Wifi,Air conditioning,Kitchen"
178,REGULAR,2.0,1.0,1.0,1.0,4.77,44,58.0,Entire residential home,Ubud,"Pool,Wifi,Air conditioning,Kitchen"
179,SUPERHOST,2.0,1.0,1.0,1.0,4.65,26,30.0,Entire villa,Ubud,"Pool,Wifi,Air conditioning,Kitchen"
180,REGULAR,2.0,1.0,1.0,1.0,4.86,0,48.0,Resort room,Kecamatan Sukawati,"Wifi,Air conditioning,none,none"
181,SUPERHOST,2.0,1.0,1.0,1.0,4.8,161,36.0,Entire rental unit,Ubud,"Pool,Wifi,Kitchen,none"
182,REGULAR,2.0,1.0,1.0,1.0,4.86,0,23.0,Hotel room,Ubud,"Pool,Wifi,Air conditioning,none"
183,REGULAR,2.0,1.0,1.0,5.5,4.89,218,13.0,Private room,Ubud,"Wifi,Air conditioning,Kitchen,none"
184,SUPERHOST,4.0,2.0,2.0,2.0,4.94,49,200.0,Entire villa,Ubud,"Pool,Wifi,Air conditioning,Kitchen"
185,SUPERHOST,2.0,1.0,1.0,1.0,4.82,256,35.0,Hotel room,Ubud,"Pool,Wifi,Air conditioning,none"
186,SUPERHOST,2.0,1.0,1.0,1.5,4.86,0,176.0,Entire villa,Ubud,"Pool,Wifi,Air conditioning,Kitchen"
187,SUPERHOST,3.0,1.0,1.0,2.0,5.0,4,168.0,Entire villa,Ubud,"Pool,Wifi,Air conditioning,Kitchen"
188,SUPERHOST,2.0,2.0,2.0,2.0,5.0,4,132.0,Entire villa,Ubud,"Pool,Wifi,Air conditioning,Kitchen"
189,SUPERHOST,4.0,2.0,2.0,2.0,5.0,9,96.0,Entire villa,Ubud,"Pool,Wifi,Air conditioning,Kitchen"
190,REGULAR,2.0,1.0,1.0,1.0,3.71,7,38.0,Private room,Ubud,"Pool,Wifi,Air conditioning,none"
191,SUPERHOST,3.0,1.0,1.0,1.0,4.7,57,50.0,Entire villa,Ubud,"Pool,Wifi,Air conditioning,Kitchen"
192,REGULAR,8.0,3.0,3.0,3.0,4.86,22,413.0,Entire villa,Ubud,"Pool,Wifi,Air conditioning,Kitchen"
193,SUPERHOST,2.0,1.0,1.0,1.0,4.71,111,56.0,Private room,Ubud,"Pool,Wifi,Air conditioning,Kitchen"
194,REGULAR,6.0,2.0,2.0,1.0,4.89,80,151.0,Hotel room,Ubud,"Pool,Wifi,Kitchen,none"
195,SUPERHOST,2.0,1.0,1.0,1.0,4.86,0,56.0,Hotel room,Ubud,"Pool,Wifi,Air conditioning,none"
196,SUPERHOST,2.0,1.0,1.0,1.0,4.78,169,29.0,Entire villa,Ubud,"Pool,Wifi,Air conditioning,Kitchen"
197,REGULAR,2.0,1.0,1.0,1.0,4.86,104,167.0,Private room,Ubud,"Pool,Wifi,Air conditioning,none"
198,SUPERHOST,2.0,1.0,1.0,1.5,5.0,5,200.0,Room in boutique hotel,Ubud,"Pool,Wifi,Air conditioning,none"
199,REGULAR,8.0,3.0,3.0,3.0,5.0,4,413.0,Entire villa,Ubud,"Pool,Wifi,Air conditioning,Kitchen"
200,SUPERHOST,4.0,2.0,2.0,2.5,5.0,15,342.0,Entire villa,Ubud,"Pool,Wifi,Air conditioning,Kitchen"
201,SUPERHOST,2.0,1.0,1.0,1.0,4.97,38,15.0,Hotel room,Ubud,"Pool,Wifi,Air conditioning,none"
202,REGULAR,2.0,1.0,1.0,1.0,4.86,0,35.0,Entire villa,Ubud,"Pool,Wifi,Air conditioning,Kitchen"
203,REGULAR,2.0,1.0,1.0,1.0,4.89,18,22.0,Entire residential home,Ubud,"Wifi,Air conditioning,Kitchen,none"
204,REGULAR,12.0,5.0,5.0,5.0,4.96,25,650.0,Entire villa,Tegalalang,"Pool,Wifi,Air conditioning,Kitchen"
205,SUPERHOST,2.0,1.0,1.0,1.5,4.88,141,58.0,Entire residential home,Ubud,"Pool,Wifi,Air conditioning,Kitchen"
206,REGULAR,4.0,2.0,2.0,2.0,5.0,5,472.0,Entire villa,Ubud,"Pool,Wifi,Air conditioning,Kitchen"
207,SUPERHOST,2.0,1.0,1.0,1.0,4.86,0,60.0,Resort room,Gianyar,"Pool,Wifi,Air conditioning,Kitchen"
208,SUPERHOST,2.0,1.0,1.0,1.0,4.98,44,25.0,Private room,Ubud,"Pool,Wifi,Air conditioning,none"
209,SUPERHOST,2.0,1.0,1.0,1.0,4.88,33,125.0,Entire villa,Ubud,"Pool,Wifi,Air conditioning,Kitchen"
210,SUPERHOST,2.0,1.0,1.0,1.0,4.86,0,60.0,Entire villa,Ubud,"Pool,Wifi,Air conditioning,Kitchen"
211,SUPERHOST,2.0,1.0,1.0,1.0,4.76,17,120.0,Entire villa,Ubud,"Pool,Wifi,Kitchen,none"
212,REGULAR,4.0,2.0,3.0,2.0,4.86,0,77.0,Room in boutique hotel,Ubud,"Pool,Wifi,Air conditioning,none"
213,SUPERHOST,2.0,1.0,1.0,1.0,4.86,0,15.0,Room in boutique hotel,Tegalalang,"Pool,Wifi,Air conditioning,none"
214,REGULAR,2.0,1.0,1.0,1.0,4.86,0,40.0,Entire villa,Ubud,"Pool,Wifi,Air conditioning,Kitchen"
215,SUPERHOST,2.0,1.0,1.0,1.0,5.0,23,152.0,Entire villa,Ubud,"Pool,Wifi,Air conditioning,Kitchen"
216,REGULAR,4.0,1.0,1.0,1.0,4.65,300,31.0,Entire residential home,Ubud,"Wifi,Air conditioning,Kitchen,none"
217,SUPERHOST,2.0,1.0,1.0,1.0,4.86,0,64.0,Entire villa,Tegalalang,"Pool,Wifi,Air conditioning,Kitchen"
218,REGULAR,2.0,1.0,1.0,1.0,4.88,304,52.0,Private room,Ubud,"Wifi,Air conditioning,none,none"
219,SUPERHOST,2.0,1.0,1.0,1.0,4.73,165,42.0,Entire rental unit,Ubud,"Pool,Wifi,Kitchen,none"
220,SUPERHOST,4.0,2.0,2.0,1.0,5.0,4,24.0,Entire rental unit,Ubud,"Pool,Wifi,Kitchen,none"
221,REGULAR,2.0,1.0,1.0,1.0,4.73,310,56.0,Hotel room,Ubud,"Pool,Wifi,Air conditioning,none"
222,REGULAR,4.0,2.0,2.0,2.0,4.61,88,137.0,Entire villa,Ubud,"Pool,Wifi,Air conditioning,Kitchen"
223,SUPERHOST,4.0,2.0,2.0,2.5,5.0,9,286.0,Entire villa,Gianyar,"Pool,Wifi,Air conditioning,Kitchen"
224,SUPERHOST,2.0,1.0,1.0,1.0,4.95,58,32.0,Hotel room,Ubud,"Pool,Wifi,Air conditioning,none"
225,SUPERHOST,2.0,1.0,1.0,1.0,4.95,38,12.0,Private room,Ubud,"Wifi,Air conditioning,none,none"
226,REGULAR,10.0,4.0,4.0,4.0,4.89,55,531.0,Entire villa,Ubud,"Pool,Wifi,Air conditioning,Kitchen"
227,SUPERHOST,4.0,2.0,2.0,2.5,5.0,3,640.0,Entire villa,Ubud,"Pool,Wifi,Air conditioning,Kitchen"
228,REGULAR,2.0,1.0,1.0,1.0,4.86,0,32.0,Room in boutique hotel,Ubud,"Pool,Wifi,Air conditioning,none"
229,REGULAR,3.0,1.0,1.0,1.5,4.86,50,78.0,Entire villa,Ubud,"Pool,Wifi,Kitchen,none"
230,REGULAR,2.0,1.0,1.0,1.0,4.45,56,25.0,Entire residential home,Ubud,"Pool,Wifi,Air conditioning,Kitchen"
231,REGULAR,3.0,1.0,1.0,1.0,4.86,0,34.0,Entire loft,Ubud,"Wifi,Air conditioning,Kitchen,none"
232,SUPERHOST,2.0,1.0,1.0,1.0,4.55,228,23.0,Hotel room,Ubud,"Pool,Wifi,Air conditioning,none"
233,SUPERHOST,4.0,2.0,3.0,3.0,4.86,0,126.0,Entire villa,Gianyar,"Pool,Wifi,Air conditioning,Kitchen"
234,REGULAR,2.0,1.0,1.0,1.0,4.86,0,39.0,Resort room,Ubud,"Pool,Wifi,Air conditioning,none"
235,SUPERHOST,6.0,3.0,3.0,3.5,4.86,0,86.0,Entire villa,Ubud,"Pool,Wifi,Air conditioning,Kitchen"
236,REGULAR,2.0,1.0,1.0,1.0,4.86,0,60.0,Entire villa,Ubud,"Pool,Wifi,Air conditioning,Kitchen"
237,SUPERHOST,2.0,1.0,1.0,1.0,4.67,49,35.0,Private room,Ubud,"Pool,Wifi,Air conditioning,none"
238,REGULAR,2.0,1.0,1.0,1.5,4.86,0,68.0,Hotel room,Ubud,"Pool,Wifi,Air conditioning,none"
239,SUPERHOST,3.0,1.0,2.0,1.0,4.88,43,40.0,Hotel room,Ubud,"Pool,Wifi,Air conditioning,none"
240,REGULAR,2.0,1.0,1.0,1.0,4.69,137,20.0,Hut,Sukawati,"Wifi,none,none,none"
241,REGULAR,6.0,3.0,3.0,3.0,4.86,0,107.0,Entire villa,Ubud,"Pool,Wifi,Air conditioning,Kitchen"
242,SUPERHOST,2.0,1.0,1.0,1.0,4.84,138,107.0,Entire villa,Ubud,"Pool,Wifi,Kitchen,none"
243,REGULAR,8.0,3.0,3.0,3.5,4.81,27,413.0,Entire villa,Ubud,"Pool,Wifi,Air conditioning,Kitchen"
244,REGULAR,2.0,7.0,7.0,7.0,4.65,55,15.0,Private room,Ubud,"Wifi,Air conditioning,none,none"
245,PLUS,2.0,1.0,1.0,1.0,4.72,86,75.0,Private room,Ubud,"Pool,Wifi,Air conditioning,Kitchen"
246,REGULAR,2.0,1.0,1.0,1.0,4.67,3,112.0,Entire villa,Ubud,"Pool,Wifi,Air conditioning,Kitchen"
247,SUPERHOST,2.0,1.0,1.0,1.0,5.0,16,17.0,Entire residential home,Ubud,"Wifi,Air conditioning,Kitchen,none"
248,REGULAR,2.0,1.0,1.0,1.0,4.86,0,47.0,Entire villa,Ubud,"Pool,Wifi,Air conditioning,Kitchen"
249,REGULAR,2.0,1.0,1.0,1.0,5.0,11,97.0,Entire villa,Ubud,"Pool,Wifi,Air conditioning,Kitchen"
250,PLUS,2.0,1.0,1.0,1.0,4.91,48,44.0,Entire cabin,Blahbatuh,"Wifi,Air conditioning,none,none"
251,REGULAR,14.0,6.0,6.0,6.0,4.71,24,768.0,Entire villa,Ubud,"Pool,Wifi,Air conditioning,Kitchen"
252,REGULAR,2.0,1.0,1.0,1.0,4.86,22,11.0,Private room,Ubud,"Wifi,Air conditioning,none,none"
253,PLUS,2.0,1.0,1.0,1.0,4.76,25,108.0,Entire villa,Ubud,"Pool,Wifi,Air conditioning,Kitchen"
254,REGULAR,2.0,1.0,1.0,1.0,4.65,147,24.0,Entire rental unit,Ubud,"Pool,Wifi,Air conditioning,Kitchen"
255,SUPERHOST,2.0,1.0,1.0,1.5,5.0,10,44.0,Private room,Ubud,"Pool,Wifi,Air conditioning,Kitchen"
256,PLUS,2.0,1.0,1.0,1.5,4.83,41,64.0,Private room,Ubud,"Pool,Wifi,Air conditioning,Kitchen"
257,SUPERHOST,2.0,1.0,1.0,1.0,4.8,35,40.0,Private room,Ubud,"Pool,Wifi,Air conditioning,Kitchen"
258,SUPERHOST,2.0,1.0,1.0,1.5,4.86,0,59.0,Entire villa,Ubud,"Pool,Wifi,Air conditioning,Kitchen"
259,SUPERHOST,4.0,2.0,2.0,2.0,4.86,0,71.0,Entire villa,Ubud,"Pool,Wifi,Air conditioning,Kitchen"
260,REGULAR,2.0,1.0,1.0,1.0,4.53,78,15.0,Private room,Ubud,"Pool,Wifi,Air conditioning,Kitchen"
261,SUPERHOST,6.0,3.0,3.0,3.0,4.8,182,155.0,Entire villa,Ubud,"Pool,Wifi,Air conditioning,Kitchen"
262,SUPERHOST,4.0,1.0,2.0,1.0,4.56,317,39.0,Private room,Ubud,"Pool,Wifi,none,none"
263,SUPERHOST,2.0,1.0,2.0,1.0,4.79,245,74.0,Entire loft,Ubud,"Wifi,Kitchen,none,none"
264,SUPERHOST,2.0,1.0,1.0,1.0,4.73,37,40.0,Room in boutique hotel,Ubud,"Pool,Wifi,Air conditioning,Kitchen"
265,REGULAR,2.0,1.0,1.0,1.0,4.86,0,40.0,Private room,Ubud,"Pool,Wifi,Air conditioning,none"
266,REGULAR,4.0,2.0,2.0,2.0,4.86,0,46.0,Entire villa,Ubud,"Pool,Wifi,Air conditioning,Kitchen"
267,REGULAR,2.0,1.0,1.0,1.0,3.92,13,39.0,Hut,Ubud,"none,none,none,none"
268,SUPERHOST,3.0,1.0,1.0,1.0,5.0,4,139.0,Hotel room,Ubud,"Pool,Wifi,Air conditioning,none"
269,REGULAR,2.0,1.0,1.0,1.0,4.61,352,40.0,Dome house,Ubud,"Pool,Wifi,none,none"
270,PLUS,4.0,2.0,2.0,2.5,4.97,86,400.0,Entire villa,Gianyar,"Pool,Wifi,Air conditioning,Kitchen"
271,REGULAR,2.0,1.0,1.0,1.0,4.86,0,71.0,Entire villa,Ubud,"Pool,Wifi,Air conditioning,Kitchen"
272,REGULAR,5.0,2.0,2.0,2.0,4.64,170,63.0,Entire villa,Ubud,"Pool,Wifi,Air conditioning,Kitchen"
273,SUPERHOST,2.0,1.0,1.0,1.0,5.0,4,79.0,Entire villa,Ubud,"Pool,Wifi,Air conditioning,none"
274,REGULAR,3.0,1.0,1.0,1.0,4.61,175,39.0,Hut,Blahbatuh,"Wifi,none,none,none"
275,REGULAR,2.0,1.0,1.0,1.0,4.86,0,17.0,Room in boutique hotel,Gianyar,"Pool,Wifi,Air conditioning,none"
276,SUPERHOST,2.0,1.0,1.0,1.5,4.89,9,128.0,Room in boutique hotel,Ubud,"Pool,Wifi,Air conditioning,none"
277,REGULAR,2.0,1.0,1.0,1.0,5.0,4,154.0,Entire villa,Ubud,"Pool,Wifi,Air conditioning,none"
278,REGULAR,2.0,1.0,1.0,1.0,4.7,182,41.0,Entire villa,Ubud,"Pool,Wifi,Kitchen,none"
279,SUPERHOST,2.0,1.0,1.0,1.0,4.75,42,86.0,Entire villa,Ubud,"Pool,Wifi,Air conditioning,Kitchen"
280,REGULAR,2.0,1.0,1.0,1.0,4.86,0,52.0,Hotel room,Ubud,"Pool,Wifi,Air conditioning,none"
281,REGULAR,4.0,2.0,2.0,2.0,4.93,14,295.0,Dome house,Ubud,"Wifi,Air conditioning,none,none"
282,SUPERHOST,2.0,1.0,1.0,1.0,4.8,10,173.0,Entire bungalow,Ubud,"Pool,Wifi,Air conditioning,none"
283,REGULAR,2.0,1.0,1.0,1.0,4.75,56,60.0,Private room,Ubud,"Pool,Wifi,Air conditioning,none"
284,SUPERHOST,2.0,1.0,1.0,1.0,4.9,122,34.0,Private room,Ubud,"Pool,Wifi,Air conditioning,none"
285,REGULAR,2.0,1.0,1.0,1.0,4.86,0,32.0,Room in boutique hotel,Gianyar,"Pool,Wifi,Air conditioning,none"
286,SUPERHOST,2.0,1.0,1.0,1.5,4.5,4,53.0,Entire villa,Ubud,"Pool,Wifi,Air conditioning,Kitchen"
287,SUPERHOST,2.0,1.0,1.0,1.0,4.8,40,34.0,Private room,Ubud,"Pool,Wifi,Air conditioning,none"
288,SUPERHOST,4.0,2.0,2.0,2.0,4.86,0,307.0,Entire rental unit,Tampaksiring,"Pool,Wifi,Air conditioning,Kitchen"
289,REGULAR,2.0,1.0,1.0,1.0,4.86,0,25.0,Private room,Ubud,"Pool,Wifi,Air conditioning,Kitchen"
290,SUPERHOST,2.0,2.0,2.0,2.5,4.86,0,302.0,Entire villa,Ubud,"Pool,Wifi,Air conditioning,Kitchen"
291,REGULAR,2.0,1.0,1.0,1.0,4.7,10,18.0,Private room,Ubud,"Wifi,Air conditioning,Kitchen,none"
292,PLUS,8.0,3.0,5.0,3.0,4.88,378,280.0,Entire villa,Ubud,"Pool,Wifi,Air conditioning,Kitchen"
293,REGULAR,10.0,4.0,6.0,4.0,4.86,0,359.0,Entire villa,Ubud,"Pool,Wifi,Air conditioning,Kitchen"
294,SUPERHOST,2.0,1.0,1.0,1.0,4.86,97,16.0,Private room,Ubud,"Wifi,none,none,none"
295,REGULAR,5.0,2.0,2.0,2.0,4.57,7,171.0,Entire villa,Ubud,"Pool,Wifi,Air conditioning,none"
296,REGULAR,2.0,1.0,1.0,1.0,4.84,133,50.0,Entire villa,Ubud,"Pool,Wifi,Air conditioning,none"
297,REGULAR,2.0,1.0,1.0,1.0,4.86,7,19.0,Entire rental unit,Ubud,"Wifi,Kitchen,none,none"
298,REGULAR,2.0,1.0,1.0,1.0,4.77,13,100.0,Entire villa,Ubud,"Pool,Wifi,Air conditioning,Kitchen"
299,SUPERHOST,4.0,2.0,2.0,2.0,4.68,53,59.0,Entire residential home,Ubud,"Pool,Wifi,Air conditioning,Kitchen"
